id,nome,cognome,email,data_nascita
1,Elisa,Verdi,elisa.verdi@example.com,1967-08-20
2,Martina,De Luca,martina.de luca@example.com,1970-01-09
3,Giulia,De Luca,giulia.de luca@example.com,2003-06-17
4,Sara,Esposito,sara.esposito@example.com,1990-03-25
5,Francesca,Marini,francesca.marini@example.com,1991-09-23
6,Giovanni,Rossi,giovanni.rossi@example.com,2002-09-02
7,Giovanni,Marini,giovanni.marini@example.com,1992-01-27
8,Marco,Barbieri,marco.barbieri@example.com,1978-10-29
9,Luca,Marini,luca.marini@example.com,1964-05-21
10,Marco,De Luca,marco.de luca@example.com,1993-12-27
11,Davide,Barbieri,davide.barbieri@example.com,1975-01-01
12,Giulia,Ferrari,giulia.ferrari@example.com,1994-04-23
13,Davide,Rossi,davide.rossi@example.com,1994-12-16
14,Luca,Esposito,luca.esposito@example.com,1976-10-22
15,Marco,Verdi,marco.verdi@example.com,2005-01-22
16,Davide,Bianchi,davide.bianchi@example.com,1991-08-27
17,Francesca,Barbieri,francesca.barbieri@example.com,1976-04-10
18,Alessandro,Bianchi,alessandro.bianchi@example.com,1978-01-08
19,Luca,Marini,luca.marini@example.com,1989-06-08
20,Luca,De Luca,luca.de luca@example.com,1975-07-28
21,Giulia,De Luca,giulia.de luca@example.com,1986-05-19
22,Alessandro,Lombardi,alessandro.lombardi@example.com,1988-12-13
23,Davide,Barbieri,davide.barbieri@example.com,1961-04-26
24,Alessandro,Esposito,alessandro.esposito@example.com,1979-04-07
25,Elisa,Esposito,elisa.esposito@example.com,1995-06-26
26,Marco,Verdi,marco.verdi@example.com,1996-07-16
27,Giovanni,Esposito,giovanni.esposito@example.com,1978-12-02
28,Elisa,Bianchi,elisa.bianchi@example.com,1982-09-02
29,Martina,De Luca,martina.de luca@example.com,1973-04-25
30,Martina,Verdi,martina.verdi@example.com,1982-07-13
31,Francesca,Esposito,francesca.esposito@example.com,1973-08-27
32,Sara,Lombardi,sara.lombardi@example.com,1975-04-27
33,Marco,De Luca,marco.de luca@example.com,1994-04-06
34,Giovanni,Verdi,giovanni.verdi@example.com,1984-02-02
35,Luca,Ferrari,luca.ferrari@example.com,1995-03-01
36,Luca,Bianchi,luca.bianchi@example.com,1993-06-12
37,Davide,De Luca,davide.de luca@example.com,1988-02-17
38,Elisa,Marini,elisa.marini@example.com,1981-04-05
39,Luca,Ricci,luca.ricci@example.com,1964-09-06
40,Alessandro,Lombardi,alessandro.lombardi@example.com,1984-05-14
41,Francesca,Barbieri,francesca.barbieri@example.com,1995-05-22
42,Giulia,Ricci,giulia.ricci@example.com,1982-09-30
43,Giovanni,Verdi,giovanni.verdi@example.com,1972-11-28
44,Elisa,Marini,elisa.marini@example.com,1978-07-06
45,Sara,Bianchi,sara.bianchi@example.com,1980-10-25
46,Marco,Rossi,marco.rossi@example.com,1979-02-07
47,Luca,Barbieri,luca.barbieri@example.com,1968-12-28
48,Francesca,Lombardi,francesca.lombardi@example.com,1991-03-02
49,Giovanni,Ricci,giovanni.ricci@example.com,1975-06-09
50,Marco,Marini,marco.marini@example.com,1964-09-07
51,Marco,Bianchi,marco.bianchi@example.com,1982-12-19
52,Elisa,Bianchi,elisa.bianchi@example.com,1979-11-10
53,Luca,Bianchi,luca.bianchi@example.com,1991-01-15
54,Elisa,De Luca,elisa.de luca@example.com,1989-02-16
55,Davide,Bianchi,davide.bianchi@example.com,1966-04-25
56,Luca,Bianchi,luca.bianchi@example.com,1962-01-14
57,Alessandro,De Luca,alessandro.de luca@example.com,1984-12-14
58,Giulia,Bianchi,giulia.bianchi@example.com,1999-09-06
59,Francesca,Barbieri,francesca.barbieri@example.com,1971-12-01
60,Marco,De Luca,marco.de luca@example.com,1964-03-27
61,Giulia,Lombardi,giulia.lombardi@example.com,1960-05-08
62,Sara,Barbieri,sara.barbieri@example.com,2003-12-24
63,Elisa,Barbieri,elisa.barbieri@example.com,1972-11-13
64,Luca,Barbieri,luca.barbieri@example.com,1972-01-17
65,Sara,Rossi,sara.rossi@example.com,1969-02-16
66,Sara,Esposito,sara.esposito@example.com,1965-04-14
67,Giovanni,Ferrari,giovanni.ferrari@example.com,1965-08-03
68,Martina,Verdi,martina.verdi@example.com,1999-01-12
69,Martina,Verdi,martina.verdi@example.com,2000-11-14
70,Giulia,Esposito,giulia.esposito@example.com,1999-12-22
71,Alessandro,Marini,alessandro.marini@example.com,1994-06-02
72,Elisa,Rossi,elisa.rossi@example.com,1983-06-01
73,Elisa,Lombardi,elisa.lombardi@example.com,1995-11-14
74,Luca,De Luca,luca.de luca@example.com,1978-10-13
75,Elisa,Ricci,elisa.ricci@example.com,1983-04-22
76,Sara,Lombardi,sara.lombardi@example.com,2004-12-04
77,Sara,Esposito,sara.esposito@example.com,1993-07-20
78,Giulia,Esposito,giulia.esposito@example.com,1991-09-21
79,Alessandro,Lombardi,alessandro.lombardi@example.com,2004-04-02
80,Alessandro,Ricci,alessandro.ricci@example.com,1976-03-19
81,Marco,Esposito,marco.esposito@example.com,1986-01-07
82,Sara,Bianchi,sara.bianchi@example.com,1962-01-01
83,Giulia,Ferrari,giulia.ferrari@example.com,1999-01-12
84,Francesca,De Luca,francesca.de luca@example.com,1990-08-02
85,Martina,De Luca,martina.de luca@example.com,1986-11-03
86,Giovanni,Ricci,giovanni.ricci@example.com,1981-10-12
87,Sara,Esposito,sara.esposito@example.com,1966-06-28
88,Davide,Rossi,davide.rossi@example.com,1965-02-07
89,Giovanni,Verdi,giovanni.verdi@example.com,1968-08-27
90,Davide,De Luca,davide.de luca@example.com,2004-11-08
91,Francesca,Bianchi,francesca.bianchi@example.com,1989-09-24
92,Luca,Verdi,luca.verdi@example.com,1968-05-28
93,Giulia,Rossi,giulia.rossi@example.com,1981-08-13
94,Giulia,Barbieri,giulia.barbieri@example.com,1993-02-07
95,Luca,Barbieri,luca.barbieri@example.com,1984-12-21
96,Marco,Ferrari,marco.ferrari@example.com,1999-07-30
97,Alessandro,Verdi,alessandro.verdi@example.com,1978-12-02
98,Alessandro,Ricci,alessandro.ricci@example.com,1968-07-22
99,Elisa,Barbieri,elisa.barbieri@example.com,1987-04-17
100,Marco,Bianchi,marco.bianchi@example.com,1967-02-12
101,Davide,De Luca,davide.de luca@example.com,1963-12-29
102,Davide,Lombardi,davide.lombardi@example.com,1975-12-30
103,Elisa,Lombardi,elisa.lombardi@example.com,2000-06-15
104,Elisa,Barbieri,elisa.barbieri@example.com,1985-03-17
105,Francesca,Verdi,francesca.verdi@example.com,1985-06-26
106,Davide,Ferrari,davide.ferrari@example.com,1999-01-04
107,Marco,Esposito,marco.esposito@example.com,1998-05-18
108,Alessandro,Bianchi,alessandro.bianchi@example.com,1987-07-09
109,Luca,Ricci,luca.ricci@example.com,1981-10-27
110,Francesca,Marini,francesca.marini@example.com,1988-08-13
111,Luca,Verdi,luca.verdi@example.com,1966-01-23
112,Elisa,Verdi,elisa.verdi@example.com,1992-05-19
113,Luca,Ferrari,luca.ferrari@example.com,1992-08-03
114,Davide,Ferrari,davide.ferrari@example.com,1965-11-15
115,Alessandro,Verdi,alessandro.verdi@example.com,1966-05-20
116,Elisa,Verdi,elisa.verdi@example.com,1962-07-30
117,Giovanni,Esposito,giovanni.esposito@example.com,1995-02-25
118,Giulia,Verdi,giulia.verdi@example.com,1978-07-11
119,Giulia,Verdi,giulia.verdi@example.com,1961-05-07
120,Luca,Ferrari,luca.ferrari@example.com,1995-01-29
121,Davide,Lombardi,davide.lombardi@example.com,1985-10-10
122,Martina,Marini,martina.marini@example.com,1967-03-21
123,Martina,Verdi,martina.verdi@example.com,2003-11-08
124,Martina,Verdi,martina.verdi@example.com,1977-03-20
125,Luca,Marini,luca.marini@example.com,2001-02-25
126,Giulia,Ricci,giulia.ricci@example.com,1985-04-29
127,Giovanni,Bianchi,giovanni.bianchi@example.com,1973-06-27
128,Marco,De Luca,marco.de luca@example.com,1966-06-06
129,Alessandro,Ferrari,alessandro.ferrari@example.com,1971-10-03
130,Francesca,Verdi,francesca.verdi@example.com,1963-12-11
131,Sara,Barbieri,sara.barbieri@example.com,1976-02-02
132,Elisa,Bianchi,elisa.bianchi@example.com,1983-09-27
133,Alessandro,Ferrari,alessandro.ferrari@example.com,1989-04-16
134,Davide,Ferrari,davide.ferrari@example.com,1969-02-01
135,Davide,Rossi,davide.rossi@example.com,1988-01-16
136,Davide,Verdi,davide.verdi@example.com,1990-12-27
137,Martina,Rossi,martina.rossi@example.com,1997-08-29
138,Marco,Rossi,marco.rossi@example.com,1965-05-25
139,Luca,Bianchi,luca.bianchi@example.com,1988-12-05
140,Davide,Rossi,davide.rossi@example.com,1963-04-29
141,Sara,Barbieri,sara.barbieri@example.com,1999-11-15
142,Giovanni,Esposito,giovanni.esposito@example.com,1995-05-23
143,Sara,Lombardi,sara.lombardi@example.com,2004-07-05
144,Sara,Marini,sara.marini@example.com,1968-07-22
145,Davide,Bianchi,davide.bianchi@example.com,1960-04-20
146,Elisa,Ferrari,elisa.ferrari@example.com,1999-09-25
147,Davide,Ricci,davide.ricci@example.com,1997-06-25
148,Martina,Esposito,martina.esposito@example.com,1977-11-22
149,Luca,De Luca,luca.de luca@example.com,1960-07-24
150,Elisa,Lombardi,elisa.lombardi@example.com,1976-02-14
151,Alessandro,Rossi,alessandro.rossi@example.com,1964-12-31
152,Giulia,Bianchi,giulia.bianchi@example.com,1989-04-06
153,Sara,Bianchi,sara.bianchi@example.com,1960-03-23
154,Giovanni,Ferrari,giovanni.ferrari@example.com,1984-11-04
155,Martina,Barbieri,martina.barbieri@example.com,1979-07-29
156,Giovanni,Marini,giovanni.marini@example.com,2004-03-25
157,Elisa,Ricci,elisa.ricci@example.com,1997-11-19
158,Elisa,Verdi,elisa.verdi@example.com,1972-08-29
159,Francesca,Esposito,francesca.esposito@example.com,1999-10-24
160,Martina,Ferrari,martina.ferrari@example.com,1974-09-29
161,Sara,Lombardi,sara.lombardi@example.com,1986-08-05
162,Giulia,Marini,giulia.marini@example.com,1961-08-22
163,Francesca,Rossi,francesca.rossi@example.com,1970-01-09
164,Martina,De Luca,martina.de luca@example.com,1977-06-09
165,Davide,Esposito,davide.esposito@example.com,1997-07-20
166,Davide,Barbieri,davide.barbieri@example.com,1988-01-03
167,Francesca,Bianchi,francesca.bianchi@example.com,1974-08-20
168,Marco,De Luca,marco.de luca@example.com,1991-06-11
169,Davide,Ricci,davide.ricci@example.com,1999-02-15
170,Alessandro,Bianchi,alessandro.bianchi@example.com,1976-08-01
171,Francesca,De Luca,francesca.de luca@example.com,1990-05-26
172,Giulia,Esposito,giulia.esposito@example.com,1984-06-20
173,Sara,Barbieri,sara.barbieri@example.com,1995-11-01
174,Marco,Rossi,marco.rossi@example.com,1995-05-24
175,Sara,Esposito,sara.esposito@example.com,1998-10-13
176,Elisa,Marini,elisa.marini@example.com,1965-06-08
177,Alessandro,De Luca,alessandro.de luca@example.com,1991-01-25
178,Francesca,Ricci,francesca.ricci@example.com,1963-08-28
179,Sara,Ricci,sara.ricci@example.com,1978-02-11
180,Giovanni,De Luca,giovanni.de luca@example.com,2005-03-04
181,Davide,Marini,davide.marini@example.com,1992-10-03
182,Giovanni,Bianchi,giovanni.bianchi@example.com,2000-06-13
183,Luca,Verdi,luca.verdi@example.com,1967-03-30
184,Davide,Marini,davide.marini@example.com,1994-03-06
185,Alessandro,Ferrari,alessandro.ferrari@example.com,1961-12-22
186,Giovanni,Verdi,giovanni.verdi@example.com,1967-10-01
187,Elisa,Lombardi,elisa.lombardi@example.com,1974-07-10
188,Alessandro,Rossi,alessandro.rossi@example.com,1996-12-10
189,Davide,Rossi,davide.rossi@example.com,2003-08-30
190,Luca,Bianchi,luca.bianchi@example.com,2003-08-26
191,Giulia,Verdi,giulia.verdi@example.com,1992-05-28
192,Luca,Ricci,luca.ricci@example.com,1961-08-28
193,Luca,Ferrari,luca.ferrari@example.com,1997-10-31
194,Alessandro,De Luca,alessandro.de luca@example.com,1978-10-16
195,Giulia,Ferrari,giulia.ferrari@example.com,2001-01-16
196,Giulia,Verdi,giulia.verdi@example.com,1976-03-11
197,Giovanni,Verdi,giovanni.verdi@example.com,1965-03-30
198,Davide,Ferrari,davide.ferrari@example.com,1982-10-20
199,Davide,Marini,davide.marini@example.com,1989-11-03
200,Alessandro,Verdi,alessandro.verdi@example.com,1963-03-18
201,Elisa,Ferrari,elisa.ferrari@example.com,1970-03-04
202,Davide,Esposito,davide.esposito@example.com,1991-08-31
203,Elisa,Ferrari,elisa.ferrari@example.com,2004-02-24
204,Marco,Verdi,marco.verdi@example.com,1990-07-24
205,Giulia,Lombardi,giulia.lombardi@example.com,1972-03-03
206,Giulia,Lombardi,giulia.lombardi@example.com,1978-01-27
207,Francesca,Bianchi,francesca.bianchi@example.com,1982-06-21
208,Marco,Lombardi,marco.lombardi@example.com,1967-09-23
209,Davide,Esposito,davide.esposito@example.com,1982-08-22
210,Sara,De Luca,sara.de luca@example.com,1963-08-13
211,Giulia,Esposito,giulia.esposito@example.com,1982-09-19
212,Francesca,Ferrari,francesca.ferrari@example.com,1989-02-26
213,Davide,Bianchi,davide.bianchi@example.com,1970-06-25
214,Martina,Lombardi,martina.lombardi@example.com,1994-09-15
215,Martina,Marini,martina.marini@example.com,1970-01-21
216,Giovanni,Bianchi,giovanni.bianchi@example.com,2005-11-22
217,Marco,Ferrari,marco.ferrari@example.com,1996-08-17
218,Martina,Ferrari,martina.ferrari@example.com,1964-07-19
219,Martina,Ferrari,martina.ferrari@example.com,1965-08-13
220,Martina,Barbieri,martina.barbieri@example.com,1994-03-23
221,Marco,Rossi,marco.rossi@example.com,1965-06-01
222,Martina,Marini,martina.marini@example.com,1971-04-08
223,Giulia,Bianchi,giulia.bianchi@example.com,1969-02-20
224,Sara,De Luca,sara.de luca@example.com,1977-11-30
225,Elisa,Ferrari,elisa.ferrari@example.com,1970-06-02
226,Luca,Barbieri,luca.barbieri@example.com,2004-10-15
227,Giulia,De Luca,giulia.de luca@example.com,1971-01-31
228,Martina,Barbieri,martina.barbieri@example.com,1970-12-19
229,Alessandro,Rossi,alessandro.rossi@example.com,1965-11-05
230,Marco,Barbieri,marco.barbieri@example.com,1971-07-23
231,Giovanni,Verdi,giovanni.verdi@example.com,1973-03-28
232,Sara,Marini,sara.marini@example.com,2000-11-20
233,Francesca,De Luca,francesca.de luca@example.com,1999-05-04
234,Alessandro,Lombardi,alessandro.lombardi@example.com,1988-12-02
235,Alessandro,Rossi,alessandro.rossi@example.com,1980-09-22
236,Elisa,Marini,elisa.marini@example.com,1980-08-20
237,Giulia,Rossi,giulia.rossi@example.com,1991-09-11
238,Davide,Marini,davide.marini@example.com,1966-02-05
239,Marco,Verdi,marco.verdi@example.com,1966-01-08
240,Martina,Ricci,martina.ricci@example.com,1977-11-14
241,Giovanni,De Luca,giovanni.de luca@example.com,2005-03-16
242,Luca,Verdi,luca.verdi@example.com,1986-06-29
243,Francesca,Verdi,francesca.verdi@example.com,1977-07-08
244,Luca,Lombardi,luca.lombardi@example.com,1992-03-31
245,Elisa,Bianchi,elisa.bianchi@example.com,1962-09-26
246,Giulia,De Luca,giulia.de luca@example.com,1970-04-23
247,Davide,Marini,davide.marini@example.com,1971-12-24
248,Elisa,Ricci,elisa.ricci@example.com,1980-03-03
249,Alessandro,Verdi,alessandro.verdi@example.com,2000-04-12
250,Martina,Marini,martina.marini@example.com,1977-08-20
251,Giulia,Esposito,giulia.esposito@example.com,1986-02-08
252,Sara,Lombardi,sara.lombardi@example.com,1978-11-07
253,Marco,Marini,marco.marini@example.com,1962-12-08
254,Martina,Marini,martina.marini@example.com,1977-02-14
255,Elisa,De Luca,elisa.de luca@example.com,1983-12-16
256,Martina,Ricci,martina.ricci@example.com,1992-04-13
257,Giulia,Barbieri,giulia.barbieri@example.com,2000-09-17
258,Marco,Barbieri,marco.barbieri@example.com,1995-07-06
259,Giovanni,Bianchi,giovanni.bianchi@example.com,1978-05-06
260,Sara,Verdi,sara.verdi@example.com,1976-05-27
261,Francesca,Lombardi,francesca.lombardi@example.com,1961-10-20
262,Alessandro,Lombardi,alessandro.lombardi@example.com,1991-01-23
263,Sara,Ferrari,sara.ferrari@example.com,1967-04-17
264,Francesca,Ricci,francesca.ricci@example.com,1977-01-30
265,Sara,Rossi,sara.rossi@example.com,1969-09-04
266,Marco,Rossi,marco.rossi@example.com,1990-02-03
267,Sara,Verdi,sara.verdi@example.com,1976-07-03
268,Giulia,Rossi,giulia.rossi@example.com,1985-05-10
269,Marco,Bianchi,marco.bianchi@example.com,1995-02-04
270,Marco,Ricci,marco.ricci@example.com,2005-08-30
271,Martina,Lombardi,martina.lombardi@example.com,1981-11-30
272,Marco,Ferrari,marco.ferrari@example.com,2000-01-22
273,Davide,Esposito,davide.esposito@example.com,1968-09-22
274,Elisa,Ricci,elisa.ricci@example.com,1965-01-22
275,Martina,Barbieri,martina.barbieri@example.com,1994-09-26
276,Francesca,Bianchi,francesca.bianchi@example.com,1997-07-21
277,Davide,Bianchi,davide.bianchi@example.com,1978-04-24
278,Martina,Marini,martina.marini@example.com,2001-07-30
279,Elisa,Bianchi,elisa.bianchi@example.com,2003-03-29
280,Martina,De Luca,martina.de luca@example.com,1988-11-08
281,Giulia,Barbieri,giulia.barbieri@example.com,1993-02-07
282,Elisa,Barbieri,elisa.barbieri@example.com,2000-10-18
283,Luca,Ricci,luca.ricci@example.com,2002-10-11
284,Francesca,Esposito,francesca.esposito@example.com,2002-08-17
285,Francesca,Barbieri,francesca.barbieri@example.com,1964-02-09
286,Elisa,Verdi,elisa.verdi@example.com,1991-02-07
287,Luca,Esposito,luca.esposito@example.com,1991-08-09
288,Davide,Rossi,davide.rossi@example.com,1992-05-22
289,Davide,Lombardi,davide.lombardi@example.com,2004-02-02
290,Francesca,Verdi,francesca.verdi@example.com,1985-09-24
291,Elisa,Verdi,elisa.verdi@example.com,1992-09-07
292,Davide,De Luca,davide.de luca@example.com,1994-04-08
293,Luca,De Luca,luca.de luca@example.com,1976-04-21
294,Elisa,Barbieri,elisa.barbieri@example.com,1960-07-29
295,Sara,Lombardi,sara.lombardi@example.com,2004-01-10
296,Sara,Esposito,sara.esposito@example.com,2002-04-19
297,Giulia,Ricci,giulia.ricci@example.com,1967-09-25
298,Giulia,Bianchi,giulia.bianchi@example.com,1983-06-03
299,Giovanni,Bianchi,giovanni.bianchi@example.com,1974-10-27
300,Marco,Marini,marco.marini@example.com,1977-08-16
301,Martina,Barbieri,martina.barbieri@example.com,1999-01-22
302,Francesca,Marini,francesca.marini@example.com,1977-10-10
303,Giovanni,Barbieri,giovanni.barbieri@example.com,1984-02-19
304,Francesca,Rossi,francesca.rossi@example.com,1997-07-27
305,Elisa,Verdi,elisa.verdi@example.com,1965-08-19
306,Luca,Rossi,luca.rossi@example.com,1960-01-28
307,Marco,De Luca,marco.de luca@example.com,1994-10-07
308,Francesca,Ferrari,francesca.ferrari@example.com,1994-04-03
309,Martina,Ferrari,martina.ferrari@example.com,2005-07-25
310,Elisa,Verdi,elisa.verdi@example.com,1991-10-15
311,Alessandro,Bianchi,alessandro.bianchi@example.com,1964-05-05
312,Luca,Marini,luca.marini@example.com,1984-02-05
313,Marco,Ricci,marco.ricci@example.com,1963-07-18
314,Alessandro,Lombardi,alessandro.lombardi@example.com,1975-05-24
315,Luca,Barbieri,luca.barbieri@example.com,1996-01-28
316,Marco,Rossi,marco.rossi@example.com,2003-10-12
317,Davide,Barbieri,davide.barbieri@example.com,1961-08-16
318,Martina,Verdi,martina.verdi@example.com,1983-12-11
319,Davide,Lombardi,davide.lombardi@example.com,1969-06-03
320,Francesca,Barbieri,francesca.barbieri@example.com,1962-12-08
321,Giovanni,Ricci,giovanni.ricci@example.com,1970-01-17
322,Alessandro,De Luca,alessandro.de luca@example.com,1964-06-14
323,Elisa,Verdi,elisa.verdi@example.com,1970-09-27
324,Giovanni,Ricci,giovanni.ricci@example.com,1963-09-25
325,Martina,Marini,martina.marini@example.com,2001-04-20
326,Luca,Marini,luca.marini@example.com,1960-11-21
327,Alessandro,Ferrari,alessandro.ferrari@example.com,1969-11-28
328,Giulia,Bianchi,giulia.bianchi@example.com,1989-12-22
329,Alessandro,Ferrari,alessandro.ferrari@example.com,1968-04-22
330,Francesca,Verdi,francesca.verdi@example.com,1986-05-01
331,Giovanni,Esposito,giovanni.esposito@example.com,1960-05-14
332,Elisa,Rossi,elisa.rossi@example.com,1987-05-18
333,Francesca,Verdi,francesca.verdi@example.com,1998-04-12
334,Francesca,De Luca,francesca.de luca@example.com,1978-03-14
335,Elisa,Ricci,elisa.ricci@example.com,1994-08-01
336,Sara,De Luca,sara.de luca@example.com,1976-03-27
337,Sara,Ricci,sara.ricci@example.com,1992-09-14
338,Marco,Ricci,marco.ricci@example.com,1975-07-23
339,Davide,Esposito,davide.esposito@example.com,1986-01-20
340,Francesca,Verdi,francesca.verdi@example.com,1983-03-11
341,Davide,Marini,davide.marini@example.com,1981-04-02
342,Martina,Verdi,martina.verdi@example.com,1999-07-24
343,Alessandro,Ferrari,alessandro.ferrari@example.com,1974-10-15
344,Luca,Verdi,luca.verdi@example.com,1983-07-13
345,Martina,Lombardi,martina.lombardi@example.com,2005-10-21
346,Davide,Marini,davide.marini@example.com,1976-02-29
347,Sara,Barbieri,sara.barbieri@example.com,2000-03-17
348,Francesca,Barbieri,francesca.barbieri@example.com,1982-05-08
349,Giulia,Ricci,giulia.ricci@example.com,1981-03-24
350,Luca,De Luca,luca.de luca@example.com,1974-10-29
351,Davide,Rossi,davide.rossi@example.com,1995-03-21
352,Martina,Barbieri,martina.barbieri@example.com,2005-09-11
353,Marco,Marini,marco.marini@example.com,1965-11-12
354,Alessandro,Marini,alessandro.marini@example.com,1980-02-10
355,Marco,Marini,marco.marini@example.com,1978-07-19
356,Marco,Verdi,marco.verdi@example.com,1990-10-13
357,Alessandro,Verdi,alessandro.verdi@example.com,1967-07-26
358,Luca,Ricci,luca.ricci@example.com,1975-11-20
359,Luca,Verdi,luca.verdi@example.com,1980-03-25
360,Elisa,Marini,elisa.marini@example.com,1998-05-07
361,Francesca,Verdi,francesca.verdi@example.com,1986-02-22
362,Giulia,Verdi,giulia.verdi@example.com,1999-04-06
363,Giulia,Lombardi,giulia.lombardi@example.com,1972-12-26
364,Alessandro,Rossi,alessandro.rossi@example.com,1981-10-18
365,Francesca,Ricci,francesca.ricci@example.com,1993-04-20
366,Sara,Esposito,sara.esposito@example.com,1983-10-26
367,Luca,De Luca,luca.de luca@example.com,2003-01-14
368,Luca,Verdi,luca.verdi@example.com,1983-08-08
369,Sara,Rossi,sara.rossi@example.com,1972-05-23
370,Francesca,De Luca,francesca.de luca@example.com,1975-11-22
371,Davide,Esposito,davide.esposito@example.com,1969-11-06
372,Giulia,Marini,giulia.marini@example.com,1979-08-01
373,Davide,Ferrari,davide.ferrari@example.com,1968-08-25
374,Alessandro,Bianchi,alessandro.bianchi@example.com,1966-10-08
375,Sara,Rossi,sara.rossi@example.com,1998-08-12
376,Martina,Marini,martina.marini@example.com,1982-06-05
377,Giovanni,Esposito,giovanni.esposito@example.com,2000-06-05
378,Francesca,De Luca,francesca.de luca@example.com,1966-07-13
379,Marco,Bianchi,marco.bianchi@example.com,1992-12-03
380,Martina,Esposito,martina.esposito@example.com,1997-05-24
381,Francesca,Esposito,francesca.esposito@example.com,1973-08-23
382,Francesca,Ferrari,francesca.ferrari@example.com,1974-02-08
383,Elisa,Ricci,elisa.ricci@example.com,1980-08-28
384,Elisa,Barbieri,elisa.barbieri@example.com,1997-02-10
385,Alessandro,Bianchi,alessandro.bianchi@example.com,1993-01-16
386,Luca,Bianchi,luca.bianchi@example.com,2005-05-05
387,Martina,Rossi,martina.rossi@example.com,1979-04-29
388,Giulia,Barbieri,giulia.barbieri@example.com,1988-02-04
389,Luca,Verdi,luca.verdi@example.com,2001-07-11
390,Francesca,Barbieri,francesca.barbieri@example.com,2004-08-04
391,Martina,Verdi,martina.verdi@example.com,1991-01-02
392,Alessandro,Ricci,alessandro.ricci@example.com,1988-10-22
393,Luca,Ferrari,luca.ferrari@example.com,1978-12-08
394,Alessandro,Ricci,alessandro.ricci@example.com,1971-02-12
395,Elisa,Bianchi,elisa.bianchi@example.com,1992-04-25
396,Luca,Lombardi,luca.lombardi@example.com,1966-01-29
397,Marco,Ferrari,marco.ferrari@example.com,1964-02-12
398,Marco,Lombardi,marco.lombardi@example.com,1996-03-14
399,Martina,Marini,martina.marini@example.com,1984-10-05
400,Luca,Verdi,luca.verdi@example.com,1974-10-04
401,Giulia,Verdi,giulia.verdi@example.com,1964-09-04
402,Alessandro,Rossi,alessandro.rossi@example.com,1970-02-17
403,Sara,Ricci,sara.ricci@example.com,1963-01-07
404,Francesca,Rossi,francesca.rossi@example.com,2005-08-31
405,Marco,Verdi,marco.verdi@example.com,1984-11-10
406,Giulia,Verdi,giulia.verdi@example.com,1972-12-23
407,Francesca,Barbieri,francesca.barbieri@example.com,1969-12-24
408,Davide,Verdi,davide.verdi@example.com,1969-10-12
409,Davide,Barbieri,davide.barbieri@example.com,1961-01-12
410,Luca,Lombardi,luca.lombardi@example.com,1999-02-03
411,Marco,Marini,marco.marini@example.com,1980-11-11
412,Alessandro,Ferrari,alessandro.ferrari@example.com,1966-03-03
413,Sara,Verdi,sara.verdi@example.com,2001-02-24
414,Luca,Verdi,luca.verdi@example.com,1965-05-12
415,Martina,Esposito,martina.esposito@example.com,1978-10-08
416,Giulia,Ferrari,giulia.ferrari@example.com,1989-10-31
417,Giovanni,Ferrari,giovanni.ferrari@example.com,1972-07-11
418,Elisa,Ferrari,elisa.ferrari@example.com,1979-12-08
419,Davide,Lombardi,davide.lombardi@example.com,1971-06-02
420,Giovanni,Esposito,giovanni.esposito@example.com,1973-05-02
421,Sara,Ferrari,sara.ferrari@example.com,1966-04-30
422,Davide,Ricci,davide.ricci@example.com,1981-08-07
423,Davide,De Luca,davide.de luca@example.com,1999-03-03
424,Luca,Bianchi,luca.bianchi@example.com,1982-05-14
425,Elisa,Ferrari,elisa.ferrari@example.com,1980-06-19
426,Giovanni,Verdi,giovanni.verdi@example.com,1995-11-09
427,Davide,Marini,davide.marini@example.com,2003-08-07
428,Alessandro,Ferrari,alessandro.ferrari@example.com,1976-12-10
429,Francesca,Esposito,francesca.esposito@example.com,1973-11-14
430,Alessandro,Barbieri,alessandro.barbieri@example.com,1991-11-08
431,Luca,Ferrari,luca.ferrari@example.com,1969-03-28
432,Elisa,Esposito,elisa.esposito@example.com,1994-01-09
433,Davide,Barbieri,davide.barbieri@example.com,1967-07-11
434,Giovanni,Ricci,giovanni.ricci@example.com,2001-03-09
435,Francesca,Ricci,francesca.ricci@example.com,1970-07-12
436,Elisa,Marini,elisa.marini@example.com,2001-05-01
437,Luca,Ricci,luca.ricci@example.com,1981-06-22
438,Elisa,Esposito,elisa.esposito@example.com,2004-06-15
439,Giulia,Ricci,giulia.ricci@example.com,2003-10-23
440,Luca,Rossi,luca.rossi@example.com,1969-04-15
441,Alessandro,Rossi,alessandro.rossi@example.com,2005-03-20
442,Alessandro,Marini,alessandro.marini@example.com,1998-09-06
443,Luca,Barbieri,luca.barbieri@example.com,1977-01-03
444,Francesca,Esposito,francesca.esposito@example.com,1989-08-31
445,Sara,Verdi,sara.verdi@example.com,1977-03-02
446,Davide,Rossi,davide.rossi@example.com,2002-12-30
447,Luca,Lombardi,luca.lombardi@example.com,1965-11-07
448,Luca,Verdi,luca.verdi@example.com,1960-01-14
449,Francesca,Verdi,francesca.verdi@example.com,2000-11-19
450,Luca,Ferrari,luca.ferrari@example.com,1996-10-29
451,Elisa,Rossi,elisa.rossi@example.com,1966-11-10
452,Sara,Lombardi,sara.lombardi@example.com,2002-11-19
453,Francesca,Lombardi,francesca.lombardi@example.com,1972-04-05
454,Davide,Barbieri,davide.barbieri@example.com,1961-09-03
455,Davide,Lombardi,davide.lombardi@example.com,2000-08-04
456,Sara,Esposito,sara.esposito@example.com,1985-02-02
457,Martina,Verdi,martina.verdi@example.com,1990-05-12
458,Martina,Ferrari,martina.ferrari@example.com,1978-10-27
459,Davide,Bianchi,davide.bianchi@example.com,1966-10-14
460,Martina,Esposito,martina.esposito@example.com,1983-01-06
461,Giulia,Rossi,giulia.rossi@example.com,2002-08-28
462,Sara,De Luca,sara.de luca@example.com,1995-05-18
463,Elisa,Barbieri,elisa.barbieri@example.com,1995-05-03
464,Giulia,Rossi,giulia.rossi@example.com,2001-02-23
465,Alessandro,Esposito,alessandro.esposito@example.com,1997-10-15
466,Davide,Verdi,davide.verdi@example.com,1961-09-26
467,Luca,Ricci,luca.ricci@example.com,1977-01-31
468,Sara,Lombardi,sara.lombardi@example.com,1963-05-12
469,Sara,Marini,sara.marini@example.com,1960-03-25
470,Giulia,Ricci,giulia.ricci@example.com,2000-05-16
471,Francesca,Barbieri,francesca.barbieri@example.com,1975-09-16
472,Giovanni,Verdi,giovanni.verdi@example.com,1984-01-31
473,Francesca,Lombardi,francesca.lombardi@example.com,2003-01-30
474,Marco,De Luca,marco.de luca@example.com,1966-11-18
475,Marco,Bianchi,marco.bianchi@example.com,1964-05-09
476,Elisa,Verdi,elisa.verdi@example.com,1970-07-08
477,Elisa,Esposito,elisa.esposito@example.com,1991-10-14
478,Francesca,Ricci,francesca.ricci@example.com,1972-01-25
479,Giovanni,Bianchi,giovanni.bianchi@example.com,1997-09-02
480,Davide,De Luca,davide.de luca@example.com,1965-04-23
481,Marco,Marini,marco.marini@example.com,1982-01-30
482,Marco,Barbieri,marco.barbieri@example.com,1965-02-07
483,Martina,De Luca,martina.de luca@example.com,1969-07-29
484,Martina,Ferrari,martina.ferrari@example.com,1971-04-28
485,Martina,Ferrari,martina.ferrari@example.com,1970-05-06
486,Davide,Marini,davide.marini@example.com,1961-07-03
487,Luca,Rossi,luca.rossi@example.com,1983-11-13
488,Elisa,Esposito,elisa.esposito@example.com,1969-08-28
489,Francesca,Ricci,francesca.ricci@example.com,2001-04-04
490,Alessandro,Barbieri,alessandro.barbieri@example.com,1980-11-04
491,Elisa,Lombardi,elisa.lombardi@example.com,1964-02-04
492,Francesca,Ricci,francesca.ricci@example.com,1971-07-09
493,Davide,Esposito,davide.esposito@example.com,1984-10-28
494,Luca,De Luca,luca.de luca@example.com,1965-11-10
495,Giulia,Esposito,giulia.esposito@example.com,1986-08-30
496,Elisa,Lombardi,elisa.lombardi@example.com,1964-10-04
497,Sara,Esposito,sara.esposito@example.com,1978-06-04
498,Sara,Esposito,sara.esposito@example.com,1983-05-08
499,Giulia,Lombardi,giulia.lombardi@example.com,1976-10-28
500,Marco,Rossi,marco.rossi@example.com,1975-04-13
